material_na_ficha;em_quantas_fichas;exato;sugestao_1;sem_1;sugestao_2;sem_2;sugestao_3;sem_3;ESCOLHA_AQUI
Papel Esterilização;14;sim;Papel Esterilização;1,00;;;;;
Máscara com Elástico;13;sim;Máscara com Elástico;1,00;;;;;
Luva de Látex;13;;Luva de Látex Branca Com Pó Standard;0,90;;;;;
Babador;13;;Babador Impermeável Descartável;0,83;;;;;
Água Destilada;12;;Água Destilada para Autoclave;0,99;;;;;
Sugador Descartável;9;sim;Sugador Descartável;1,00;Sugador Descartável Monoart;0,99;Sugador Cirúrgico Descartável;0,67;
Enxaguante Bucal;5;;Enxaguante Bucal Periogard sem Álcool 2L;0,90;;;;;
Gaze;5;;Compressa de Gaze C/ 500un;0,83;;;;;
Ácido Fosfórico;3;;Ácido Fosfórico 37% Condac 37;0,99;Condicionador Ácido Fosfórico 37% Attack Ácido - Iodontosul;0,83;Condicionador Ácido Fosfórico Attaque Gel 37%;0,83;
Ponta Diamantada;3;;Ponta Diamantada Cônica;0,99;Ponta Diamantada Pêra FG;0,99;Ponta Diamantada Esférica FG;0,99;
Kit Estéril Cirúrgico;3;;Kit Cirúrgico Implante Padrão Estéril;0,50;Sugador Cirúrgico Descartável;0,25;;;
Sugador Cirúrgico;3;;Sugador Cirúrgico Descartável;0,99;Sugador Descartável;0,33;Sugador Descartável Monoart;0,25;
Fios de Sutura;3;;Fio de Sutura de Nylon;0,25;;;;;
Lâmina de Bisturi;3;;Lâmina de Bisturi Aço Carbono N°15C C/10 Estéril;0,75;;;;;
Alginato;2;;Alginato Avagel Tipo II;0,75;Alginato Jeltrate Dustless Tipo II;0,70;;;
Gesso;2;;Gesso Pedra Tipo III Branco;0,70;;;;;
Pasta Profilática;2;;Pasta Profilática Shine 90g;0,99;Pasta Profilática Pert-X;0,99;Past-X Pasta Profilática com 2% de Fluoreto de Sódio;0,79;
Escova Robinson Nylon CA;2;sim;Escova Robinson Nylon CA;1,00;;;;;
Adesivo Ambar;2;sim;Adesivo Ambar;1,00;Adesivo Optibond Universal;0,25;;;
Resina;2;;Resina Vittra APS Unique 4g;0,70;Resina Vitra APS Unique 4g;0,70;;;
Microbrush;2;;;;;;;;
Fios de Niti;2;;;;;;;;
Elastic;2;;Máscara com Elástico;0,50;Arco NiTi Superelástico Curva Reversa Spee Redondo - Morelli 020 L;0,50;Elástico Intraoral Látex 1/8;0,50;
Seringa para Insulina;2;sim;Seringa para Insulina;1,00;Seringa para Insulina 0,5ml 6mm x 0,25mm 31g;0,75;;;
Lenços Umedecidos;2;;Lenços Umedecidos Panvel Baby 45 Unidades;0,83;;;;;
Álcool;2;;Alcool 70% 5L;0,83;Enxaguante Bucal Periogard sem Álcool 2L;0,70;;;
Barreira Gengival;1;;Barreira Gengival Top Dam;0,99;Barreira Gengival Top Dam - FGM;0,90;;;
Kit Clareador;1;;Kit Clareador 10% Potenza Bianco;0,75;Mini Kit Clareador Whiteness HP 35%;0,70;1 Kit Clareador Whiteness HP 35% com Top Dam 3 Pacientes;0,61;
Kit Clareador Caseiro;1;;;;;;;;
Sacola de Papel;1;;Sacola de Papel Kraft com Alça M;0,90;Papel Esterilização;0,33;;;
Discos Soflex;1;;;;;;;;
Disco Softflex;1;;;;;;;;
Fita Banda Matriz;1;;Fita Banda Matriz de Poliéster - TDV;0,99;Fita Banda Matriz Metálica;0,99;Matriz de Poliéster;0,25;
Discos Softflex;1;;;;;;;;
Broca 3191F;1;sim;Broca 3191F;1,00;;;;;
Matriz;1;;Matriz de Poliéster;0,99;Fita Banda Matriz Metálica;0,75;Fita Banda Matriz de Poliéster - TDV;0,70;
Matriz de Poliéster;1;sim;Matriz de Poliéster;1,00;Fita Banda Matriz de Poliéster - TDV;0,90;;;
Acído Fosfórico;1;;Ácido Fosfórico 37% Condac 37;0,99;Condicionador Ácido Fosfórico 37% Attack Ácido - Iodontosul;0,83;Condicionador Ácido Fosfórico Attaque Gel 37%;0,83;
Resina ortodôntica (Orthomundi);1;;;;;;;;
Braquete metálico;1;;;;;;;;
Tubos;1;;;;;;;;
Custos Instalação;1;;;;;;;;
Braquetes estéticos;1;;;;;;;;
OUTROS;1;;;;;;;;
Broca remoção resina (Orthomundi);1;;;;;;;;
Pedra Arkansas American Stones;1;;Pedra Arkansas American Stones Ultra-White Fina FG;0,99;Pedra Arkansas American Stones Ultra-White Fine FG - American Burro TRONCO-CÔNICA;0,86;;;
Custo limpeza;1;;;;;;;;
Placa Cristal 1mm;1;;Placa para Moldeira Cristal 1,0mm;0,33;Placa para Moldeira Cristal 1,5mm;0,33;;;
Disco de Carborundum;1;;;;;;;;
Adesivo Opti Bond;1;;Adesivo Ambar;0,25;;;;;
Resina Flow Tetric Ivoclar;1;;;;;;;;
Contenção Corrente (Orthomundi);1;;;;;;;;
Articaina;1;;;;;;;;
Soro Fisiológico 0,9% Bolsa 250ml;1;sim;Soro Fisiológico 0,9% Bolsa 250ml;1,00;Soro Fisiológico 0,9% 10ml c/5 Ampolas;0,44;;;
Implante Neodent Grandmorse;1;;;;;;;;
Parafuso de Cobertura;1;;;;;;;;
Prótese Total Provisória;1;;;;;;;;
Água para Injeção;1;;Água para Injeção c/ 5 Frascos 10ml - Samtec;0,83;Água Destilada para Autoclave;0,25;;;
Toxina Botulínica;1;;Toxina Botulínica Nabota Tipo A 100U;0,83;;;;;
Ácido Hialurônico;1;;Ácido Hialurônico Preenchedor Lift;0,99;;;;;
Microcânula com Agulha;1;;Microcânula com Agulha - Rennova;0,99;;;;;
